<?xml version="1.0" encoding="UTF-8"?>
<teamcity-plugin xmlns:xsi="http://www.w3.org/2001/XMLSchema-instance" xsi:noNamespaceSchemaLocation="urn:schemas-jetbrains-com:teamcity-plugin-v1-xml">
  <info>
    <name>TeamCity-Graphite</name>
    <display-name>Graphite Integration</display-name>
    <version>snapshot-20170119234451</version>
    <description>Send build statistics to Graphite</description>
    <download-url>https://github.com/mendhak/teamcity-graphite/releases</download-url>
    <email>Plugin author e-mail</email>
    <vendor>
      <name>Mendhak</name>
      <url>http://mendhak.com/</url>
      <logo>Plugin vendor logo URL</logo>
    </vendor>
  </info>
  <deployment use-separate-classloader="true" />
</teamcity-plugin>
