<?xml version="1.0" encoding="UTF-8"?>
<teamcity-plugin xmlns:xsi="http://www.w3.org/2001/XMLSchema-instance"
                 xsi:noNamespaceSchemaLocation="urn:shemas-jetbrains-com:teamcity-plugin-v1-xml">
  <info>
    <name>TeamCity-Graphite</name>
    <display-name>Graphite Integration</display-name>
    <version>0.1</version>
    <vendor>
      <name>Mendhak</name>

      <url>http://mendhak.com</url>
    </vendor>
  </info>
  <deployment use-separate-classloader="true"/>
</teamcity-plugin>
